PYid,id,location,department,activities
71,,Abaí,Caazapá,"food and beverage products manufacture, other non-metallic mineral products manufacture"
224,#N/A,Acahay,Paraguarí,"food and beverage products manufacture, other non-metallic mineral products manufacture"
208,#N/A,Alberdi,Ñeembucú,"food and beverage products manufacture, other non-metallic mineral products manufacture"
168,#N/A,Alto Verá,Itapúa,"food and beverage products manufacture, other non-metallic mineral products manufacture"
7,409,Altos,Cordillera,"agriculture, livestock, hunting and related, light wood production,  sausages production"
251,#N/A,Antequera,San Pedro,"food and beverage products manufacture, other non-metallic mineral products manufacture"
98,#N/A,Areguá,Central,"agriculture, livestock, hunting and related, food and beverage products manufacture, chemical substances and products manufacture, rubber and plastic products manufacture, other non-metallic mineral products manufacture, manufactured metal products (except machinery and equipment), furniture manufacture"
117,#N/A,Arroyito,Concepción,"food and beverage products manufacture, other non-metallic mineral products manufacture"
131,#N/A,Arroyos y Esteros,Cordillera,"food and beverage products manufacture, other non-metallic mineral products manufacture"
44,#N/A,Asunción,Asunción,"agriculture, livestock, hunting and related, food and beverage products manufacture, chemical substances and products manufacture, rubber and plastic products manufacture, other non-metallic mineral products manufacture, manufactured metal products (except machinery and equipment), furniture manufacture"
132,#N/A,Atyrá,Cordillera,"food and beverage products manufacture, other non-metallic mineral products manufacture"
198,#N/A,Ayolas,Misiones,"food and beverage products manufacture, other non-metallic mineral products manufacture"
118,#N/A,Azotey,Concepción,"food and beverage products manufacture, other non-metallic mineral products manufacture"
12,#N/A,Bahía Negra,Alto Paraguay,"food and beverage products manufacture, other non-metallic mineral products manufacture"
119,#N/A,Belén,Concepción,"food and beverage products manufacture, other non-metallic mineral products manufacture"
169,#N/A,Bella Vista,Itapúa,"food and beverage products manufacture, other non-metallic mineral products manufacture"
38,#N/A,Bella Vista Norte,Amambay,"food and beverage products manufacture, other non-metallic mineral products manufacture"
242,#N/A,Benjamín Aceval,Presidente Hayes,"food and beverage products manufacture, other non-metallic mineral products manufacture"
45,#N/A,Boquerón,Boquerón,"food and beverage products manufacture, other non-metallic mineral products manufacture"
150,#N/A,Borja,Guairá,"food and beverage products manufacture, other non-metallic mineral products manufacture"
72,#N/A,Buena Vista,Caazapá,"food and beverage products manufacture, other non-metallic mineral products manufacture"
133,#N/A,Caacupé,Cordillera,"food and beverage products manufacture, other non-metallic mineral products manufacture"
49,#N/A,Caaguazú,Caaguazú,"food and beverage products manufacture, other non-metallic mineral products manufacture"
225,#N/A,Caapucú,Paraguarí,"food and beverage products manufacture, other non-metallic mineral products manufacture"
73,#N/A,Caazapá,Caazapá,"food and beverage products manufacture, other non-metallic mineral products manufacture"
170,#N/A,Cambyretá,Itapúa,"food and beverage products manufacture, other non-metallic mineral products manufacture"
243,#N/A,Campo Aceval,Presidente Hayes,"food and beverage products manufacture, other non-metallic mineral products manufacture"
99,#N/A,Capiatá,Central,"agriculture, livestock, hunting and related, food and beverage products manufacture, chemical substances and products manufacture, rubber and plastic products manufacture, other non-metallic mineral products manufacture, manufactured metal products (except machinery and equipment), furniture manufacture"
252,#N/A,Capiibary,San Pedro,"food and beverage products manufacture, other non-metallic mineral products manufacture"
39,#N/A,Capitán Bado,Amambay,"food and beverage products manufacture, other non-metallic mineral products manufacture"
13,#N/A,Capitán Carmelo Peralta,Alto Paraguay,"food and beverage products manufacture, other non-metallic mineral products manufacture"
151,#N/A,Capitán Mauricio José Troche,Guairá,"food and beverage products manufacture, other non-metallic mineral products manufacture"
171,#N/A,Capitán Meza,Itapúa,"food and beverage products manufacture, other non-metallic mineral products manufacture"
172,#N/A,Capitán Miranda,Itapúa,"food and beverage products manufacture, other non-metallic mineral products manufacture"
134,#N/A,Caraguatay,Cordillera,"food and beverage products manufacture, other non-metallic mineral products manufacture"
226,#N/A,Carapeguá,Paraguarí,"food and beverage products manufacture, other non-metallic mineral products manufacture"
50,#N/A,Carayaó,Caaguazú,"food and beverage products manufacture, other non-metallic mineral products manufacture"
173,#N/A,Carlos Antonio López,Itapúa,"food and beverage products manufacture, other non-metallic mineral products manufacture"
174,#N/A,Carmen del Paraná,Itapúa,"food and beverage products manufacture, other non-metallic mineral products manufacture"
209,#N/A,Cerrito,Ñeembucú,"food and beverage products manufacture, other non-metallic mineral products manufacture"
40,#N/A,Cerro Corá,Amambay,"food and beverage products manufacture, other non-metallic mineral products manufacture"
253,#N/A,Choré,San Pedro,"food and beverage products manufacture, other non-metallic mineral products manufacture"
16,#N/A,Ciudad del Este,Alto Paraná,"agriculture, livestock, hunting and related, food and beverage products manufacture, chemical substances and products manufacture, rubber and plastic products manufacture, other non-metallic mineral products manufacture, manufactured metal products (except machinery and equipment), furniture manufacture"
120,#N/A,Concepción,Concepción,"food and beverage products manufacture, other non-metallic mineral products manufacture"
175,#N/A,Coronel José Félix Bogado,Itapúa,"food and beverage products manufacture, other non-metallic mineral products manufacture"
11,523,Coronel Martínez,Guairá,"agriculture, livestock, hunting and related"
51,#N/A,Coronel Oviedo,Caaguazú,"food and beverage products manufacture, other non-metallic mineral products manufacture"
82,#N/A,Corpus Christi,Canindeyú,"food and beverage products manufacture, other non-metallic mineral products manufacture"
83,#N/A,Curuguaty,Canindeyú,"food and beverage products manufacture, other non-metallic mineral products manufacture"
210,#N/A,Desmochados,Ñeembucú,"food and beverage products manufacture, other non-metallic mineral products manufacture"
153,#N/A,Doctor Botrell,Guairá,"food and beverage products manufacture, other non-metallic mineral products manufacture"
52,#N/A,Doctor Cecilio Báez,Caaguazú,"food and beverage products manufacture, other non-metallic mineral products manufacture"
53,#N/A,Doctor Juan Eulogio Estigarribia,Caaguazú,"food and beverage products manufacture, other non-metallic mineral products manufacture"
17,#N/A,Doctor Juan León Mallorquín,Alto Paraná,"agriculture, livestock, hunting and related, food and beverage products manufacture, chemical substances and products manufacture, rubber and plastic products manufacture, other non-metallic mineral products manufacture, manufactured metal products (except machinery and equipment), furniture manufacture"
54,#N/A,Doctor Juan Manuel Frutos,Caaguazú,"food and beverage products manufacture, other non-metallic mineral products manufacture"
74,#N/A,Doctor Moisés Santiago Bertoni,Caazapá,"food and beverage products manufacture, other non-metallic mineral products manufacture"
18,#N/A,Doctor Raúl Peña,Alto Paraná,"agriculture, livestock, hunting and related, food and beverage products manufacture, chemical substances and products manufacture, rubber and plastic products manufacture, other non-metallic mineral products manufacture, manufactured metal products (except machinery and equipment), furniture manufacture"
19,#N/A,Domingo Martínez de Irala,Alto Paraná,"agriculture, livestock, hunting and related, food and beverage products manufacture, chemical substances and products manufacture, rubber and plastic products manufacture, other non-metallic mineral products manufacture, manufactured metal products (except machinery and equipment), furniture manufacture"
176,#N/A,Edelira,Itapúa,"food and beverage products manufacture, other non-metallic mineral products manufacture"
135,#N/A,Emboscada,Cordillera,"food and beverage products manufacture, other non-metallic mineral products manufacture"
177,#N/A,Encarnación,Itapúa,"food and beverage products manufacture, other non-metallic mineral products manufacture"
227,#N/A,Escobar,Paraguarí,"food and beverage products manufacture, other non-metallic mineral products manufacture"
136,#N/A,Eusebio Ayala,Cordillera,"food and beverage products manufacture, other non-metallic mineral products manufacture"
154,#N/A,Félix Pérez Cardozo,Guairá,"food and beverage products manufacture, other non-metallic mineral products manufacture"
100,#N/A,Fernando de la Mora,Central,"agriculture, livestock, hunting and related, food and beverage products manufacture, chemical substances and products manufacture, rubber and plastic products manufacture, other non-metallic mineral products manufacture, manufactured metal products (except machinery and equipment), furniture manufacture"
46,#N/A,Filadelfia,Boquerón,"food and beverage products manufacture, other non-metallic mineral products manufacture"
178,#N/A,Fram,Itapúa,"food and beverage products manufacture, other non-metallic mineral products manufacture"
14,#N/A,Fuerte Olimpo,Alto Paraguay,"food and beverage products manufacture, other non-metallic mineral products manufacture"
75,#N/A,Fulgencio Yegros,Caazapá,"food and beverage products manufacture, other non-metallic mineral products manufacture"
179,#N/A,General Artigas,Itapúa,"food and beverage products manufacture, other non-metallic mineral products manufacture"
228,#N/A,General Bernardino Caballero,Paraguarí,"food and beverage products manufacture, other non-metallic mineral products manufacture"
180,#N/A,General Delgado,Itapúa,"food and beverage products manufacture, other non-metallic mineral products manufacture"
254,#N/A,General Elizardo Aquino,San Pedro,"food and beverage products manufacture, other non-metallic mineral products manufacture"
155,#N/A,General Eugenio Alejandrino Garay,Guairá,"food and beverage products manufacture, other non-metallic mineral products manufacture"
84,#N/A,General Francisco Caballero Álvarez,Canindeyú,"food and beverage products manufacture, other non-metallic mineral products manufacture"
76,#N/A,General Higinio Morínigo,Caazapá,"food and beverage products manufacture, other non-metallic mineral products manufacture"
255,#N/A,General Isidoro Resquín,San Pedro,"food and beverage products manufacture, other non-metallic mineral products manufacture"
211,#N/A,General José Eduvigis Díaz,Ñeembucú,"food and beverage products manufacture, other non-metallic mineral products manufacture"
244,#N/A,General José María Bruguez,Presidente Hayes,"food and beverage products manufacture, other non-metallic mineral products manufacture"
101,#N/A,Guarambaré,Central,"agriculture, livestock, hunting and related, food and beverage products manufacture, chemical substances and products manufacture, rubber and plastic products manufacture, other non-metallic mineral products manufacture, manufactured metal products (except machinery and equipment), furniture manufacture"
256,#N/A,Guayaibí,San Pedro,"food and beverage products manufacture, other non-metallic mineral products manufacture"
5,519,Guayaybi,San Pedro,"agriculture, livestock, hunting and related"
212,#N/A,Guazú Cuá,Ñeembucú,"food and beverage products manufacture, other non-metallic mineral products manufacture"
20,#N/A,Hernandarias,Alto Paraná,"agriculture, livestock, hunting and related, food and beverage products manufacture, chemical substances and products manufacture, rubber and plastic products manufacture, other non-metallic mineral products manufacture, manufactured metal products (except machinery and equipment), furniture manufacture"
181,#N/A,Hohenau,Itapúa,"food and beverage products manufacture, other non-metallic mineral products manufacture"
121,#N/A,Horqueta,Concepción,"food and beverage products manufacture, other non-metallic mineral products manufacture"
213,#N/A,Humaitá,Ñeembucú,"food and beverage products manufacture, other non-metallic mineral products manufacture"
156,#N/A,Independencia,Guairá,"food and beverage products manufacture, other non-metallic mineral products manufacture"
21,#N/A,Iruña,Alto Paraná,"agriculture, livestock, hunting and related, food and beverage products manufacture, chemical substances and products manufacture, rubber and plastic products manufacture, other non-metallic mineral products manufacture, manufactured metal products (except machinery and equipment), furniture manufacture"
137,#N/A,Isla Pucú,Cordillera,"food and beverage products manufacture, other non-metallic mineral products manufacture"
214,#N/A,Isla Umbú,Ñeembucú,"food and beverage products manufacture, other non-metallic mineral products manufacture"
102,#N/A,Itá,Central,"agriculture, livestock, hunting and related, food and beverage products manufacture, chemical substances and products manufacture, rubber and plastic products manufacture, other non-metallic mineral products manufacture, manufactured metal products (except machinery and equipment), furniture manufacture"
138,#N/A,Itacurubí de la Cordillera,Cordillera,"food and beverage products manufacture, other non-metallic mineral products manufacture"
257,#N/A,Itacurubí del Rosario,San Pedro,"food and beverage products manufacture, other non-metallic mineral products manufacture"
22,#N/A,Itakyry,Alto Paraná,"agriculture, livestock, hunting and related, food and beverage products manufacture, chemical substances and products manufacture, rubber and plastic products manufacture, other non-metallic mineral products manufacture, manufactured metal products (except machinery and equipment), furniture manufacture"
85,#N/A,Itanará,Canindeyú,"food and beverage products manufacture, other non-metallic mineral products manufacture"
1,286,Itapé,Guairá,"agriculture, livestock, hunting and related, tourism"
182,#N/A,Itapúa Poty,Itapúa,"food and beverage products manufacture, other non-metallic mineral products manufacture"
103,#N/A,Itauguá,Central,"agriculture, livestock, hunting and related, food and beverage products manufacture, chemical substances and products manufacture, rubber and plastic products manufacture, other non-metallic mineral products manufacture, manufactured metal products (except machinery and equipment), furniture manufacture"
158,#N/A,Iturbe,Guairá,"food and beverage products manufacture, other non-metallic mineral products manufacture"
183,#N/A,Jesús de Tavarangüé,Itapúa,"food and beverage products manufacture, other non-metallic mineral products manufacture"
159,#N/A,José A. Fassardi,Guairá,"food and beverage products manufacture, other non-metallic mineral products manufacture"
55,#N/A,José Domingo Ocampos,Caaguazú,"food and beverage products manufacture, other non-metallic mineral products manufacture"
245,#N/A,José Falcón,Presidente Hayes,"food and beverage products manufacture, other non-metallic mineral products manufacture"
184,#N/A,José Leandro Oviedo,Itapúa,"food and beverage products manufacture, other non-metallic mineral products manufacture"
139,#N/A,Juan de Mena,Cordillera,"food and beverage products manufacture, other non-metallic mineral products manufacture"
23,#N/A,Juan Emiliano O'Leary,Alto Paraná,"agriculture, livestock, hunting and related, food and beverage products manufacture, chemical substances and products manufacture, rubber and plastic products manufacture, other non-metallic mineral products manufacture, manufactured metal products (except machinery and equipment), furniture manufacture"
104,#N/A,Julián Augusto Saldívar,Central,"agriculture, livestock, hunting and related, food and beverage products manufacture, chemical substances and products manufacture, rubber and plastic products manufacture, other non-metallic mineral products manufacture, manufactured metal products (except machinery and equipment), furniture manufacture"
41,#N/A,Karapaí,Amambay,"food and beverage products manufacture, other non-metallic mineral products manufacture"
86,#N/A,Katueté,Canindeyú,"food and beverage products manufacture, other non-metallic mineral products manufacture"
229,#N/A,La Colmena,Paraguarí,"food and beverage products manufacture, other non-metallic mineral products manufacture"
87,#N/A,La Paloma del Espíritu Santo,Canindeyú,"food and beverage products manufacture, other non-metallic mineral products manufacture"
56,#N/A,La Pastora,Caaguazú,"food and beverage products manufacture, other non-metallic mineral products manufacture"
185,#N/A,La Paz,Itapúa,"food and beverage products manufacture, other non-metallic mineral products manufacture"
105,#N/A,Lambaré,Central,"agriculture, livestock, hunting and related, food and beverage products manufacture, chemical substances and products manufacture, rubber and plastic products manufacture, other non-metallic mineral products manufacture, manufactured metal products (except machinery and equipment), furniture manufacture"
88,#N/A,Laurel,Canindeyú,"food and beverage products manufacture, other non-metallic mineral products manufacture"
215,#N/A,Laureles,Ñeembucú,"food and beverage products manufacture, other non-metallic mineral products manufacture"
258,#N/A,Liberación,San Pedro,"food and beverage products manufacture, other non-metallic mineral products manufacture"
259,#N/A,Lima,San Pedro,"food and beverage products manufacture, other non-metallic mineral products manufacture"
106,#N/A,Limpio,Central,"agriculture, livestock, hunting and related, food and beverage products manufacture, chemical substances and products manufacture, rubber and plastic products manufacture, other non-metallic mineral products manufacture, manufactured metal products (except machinery and equipment), furniture manufacture"
140,#N/A,Loma Grande,Cordillera,"food and beverage products manufacture, other non-metallic mineral products manufacture"
47,#N/A,Loma Plata,Boquerón,"food and beverage products manufacture, other non-metallic mineral products manufacture"
122,#N/A,Loreto,Concepción,"food and beverage products manufacture, other non-metallic mineral products manufacture"
24,#N/A,Los Cedrales,Alto Paraná,"agriculture, livestock, hunting and related, food and beverage products manufacture, chemical substances and products manufacture, rubber and plastic products manufacture, other non-metallic mineral products manufacture, manufactured metal products (except machinery and equipment), furniture manufacture"
107,#N/A,Luque,Central,"agriculture, livestock, hunting and related, food and beverage products manufacture, chemical substances and products manufacture, rubber and plastic products manufacture, other non-metallic mineral products manufacture, manufactured metal products (except machinery and equipment), furniture manufacture"
77,#N/A,Maciel,Caazapá,"food and beverage products manufacture, other non-metallic mineral products manufacture"
89,#N/A,Maracaná,Canindeyú,"food and beverage products manufacture, other non-metallic mineral products manufacture"
230,#N/A,María Antonia,Paraguarí,"food and beverage products manufacture, other non-metallic mineral products manufacture"
108,#N/A,Mariano Roque Alonso,Central,"agriculture, livestock, hunting and related, food and beverage products manufacture, chemical substances and products manufacture, rubber and plastic products manufacture, other non-metallic mineral products manufacture, manufactured metal products (except machinery and equipment), furniture manufacture"
57,#N/A,Mariscal Francisco Solano López,Caaguazú,"food and beverage products manufacture, other non-metallic mineral products manufacture"
48,#N/A,Mariscal José Félix Estigarribia,Boquerón,"food and beverage products manufacture, other non-metallic mineral products manufacture"
216,#N/A,Mayor José Martínez,Ñeembucú,"food and beverage products manufacture, other non-metallic mineral products manufacture"
186,#N/A,Mayor Julio Dionisio Otaño,Itapúa,"food and beverage products manufacture, other non-metallic mineral products manufacture"
25,#N/A,Mbaracayú,Alto Paraná,"agriculture, livestock, hunting and related, food and beverage products manufacture, chemical substances and products manufacture, rubber and plastic products manufacture, other non-metallic mineral products manufacture, manufactured metal products (except machinery and equipment), furniture manufacture"
160,#N/A,Mbocayaty del Guairá,Guairá,"food and beverage products manufacture, other non-metallic mineral products manufacture"
141,#N/A,Mbocayaty del Yhaguy,Cordillera,"food and beverage products manufacture, other non-metallic mineral products manufacture"
231,#N/A,Mbuyapey,Paraguarí,"food and beverage products manufacture, other non-metallic mineral products manufacture"
26,#N/A,Minga Guazú,Alto Paraná,"agriculture, livestock, hunting and related, food and beverage products manufacture, chemical substances and products manufacture, rubber and plastic products manufacture, other non-metallic mineral products manufacture, manufactured metal products (except machinery and equipment), furniture manufacture"
27,#N/A,Minga Porá,Alto Paraná,"agriculture, livestock, hunting and related, food and beverage products manufacture, chemical substances and products manufacture, rubber and plastic products manufacture, other non-metallic mineral products manufacture, manufactured metal products (except machinery and equipment), furniture manufacture"
246,#N/A,Nanawa,Presidente Hayes,"food and beverage products manufacture, other non-metallic mineral products manufacture"
28,#N/A,Naranjal,Alto Paraná,"agriculture, livestock, hunting and related, food and beverage products manufacture, chemical substances and products manufacture, rubber and plastic products manufacture, other non-metallic mineral products manufacture, manufactured metal products (except machinery and equipment), furniture manufacture"
161,#N/A,Natalicio Talavera,Guairá,"food and beverage products manufacture, other non-metallic mineral products manufacture"
187,#N/A,Natalio,Itapúa,"food and beverage products manufacture, other non-metallic mineral products manufacture"
188,#N/A,Nueva Alborada,Itapúa,"food and beverage products manufacture, other non-metallic mineral products manufacture"
247,#N/A,Nueva Asunción,Presidente Hayes,"food and beverage products manufacture, other non-metallic mineral products manufacture"
142,#N/A,Nueva Colombia,Cordillera,"food and beverage products manufacture, other non-metallic mineral products manufacture"
90,#N/A,Nueva Esperanza,Canindeyú,"food and beverage products manufacture, other non-metallic mineral products manufacture"
260,#N/A,Nueva Germania,San Pedro,"food and beverage products manufacture, other non-metallic mineral products manufacture"
109,#N/A,Nueva Italia,Central,"agriculture, livestock, hunting and related, food and beverage products manufacture, chemical substances and products manufacture, rubber and plastic products manufacture, other non-metallic mineral products manufacture, manufactured metal products (except machinery and equipment), furniture manufacture"
58,#N/A,Nueva Londres,Caaguazú,"food and beverage products manufacture, other non-metallic mineral products manufacture"
59,#N/A,Nueva Toledo,Caaguazú,"food and beverage products manufacture, other non-metallic mineral products manufacture"
29,#N/A,Ñacunday,Alto Paraná,"agriculture, livestock, hunting and related, food and beverage products manufacture, chemical substances and products manufacture, rubber and plastic products manufacture, other non-metallic mineral products manufacture, manufactured metal products (except machinery and equipment), furniture manufacture"
110,#N/A,Ñemby,Central,"agriculture, livestock, hunting and related, food and beverage products manufacture, chemical substances and products manufacture, rubber and plastic products manufacture, other non-metallic mineral products manufacture, manufactured metal products (except machinery and equipment), furniture manufacture"
162,#N/A,Ñumí,Guairá,"food and beverage products manufacture, other non-metallic mineral products manufacture"
189,#N/A,Obligado,Itapúa,"food and beverage products manufacture, other non-metallic mineral products manufacture"
232,#N/A,Paraguarí,Paraguarí,"food and beverage products manufacture, other non-metallic mineral products manufacture"
123,#N/A,Paso Barreto,Concepción,"food and beverage products manufacture, other non-metallic mineral products manufacture"
217,#N/A,Paso de Patria,Ñeembucú,"food and beverage products manufacture, other non-metallic mineral products manufacture"
124,#N/A,Paso Horqueta,Concepción,"food and beverage products manufacture, other non-metallic mineral products manufacture"
163,#N/A,Paso Yobái,Guairá,"food and beverage products manufacture, other non-metallic mineral products manufacture"
42,#N/A,Pedro Juan Caballero,Amambay,"food and beverage products manufacture, other non-metallic mineral products manufacture"
218,#N/A,Pilar,Ñeembucú,"food and beverage products manufacture, other non-metallic mineral products manufacture"
190,#N/A,Pirapó,Itapúa,"food and beverage products manufacture, other non-metallic mineral products manufacture"
233,#N/A,Pirayú,Paraguarí,"food and beverage products manufacture, other non-metallic mineral products manufacture"
143,#N/A,Piribebuy,Cordillera,"food and beverage products manufacture, other non-metallic mineral products manufacture"
30,#N/A,Presidente Franco,Alto Paraná,"agriculture, livestock, hunting and related, food and beverage products manufacture, chemical substances and products manufacture, rubber and plastic products manufacture, other non-metallic mineral products manufacture, manufactured metal products (except machinery and equipment), furniture manufacture"
144,#N/A,Primero de Marzo,Cordillera,"food and beverage products manufacture, other non-metallic mineral products manufacture"
91,#N/A,Puerto Adela,Canindeyú,"food and beverage products manufacture, other non-metallic mineral products manufacture"
15,#N/A,Puerto Casado,Alto Paraguay,"food and beverage products manufacture, other non-metallic mineral products manufacture"
248,#N/A,Puerto Pinasco,Presidente Hayes,"food and beverage products manufacture, other non-metallic mineral products manufacture"
234,#N/A,Quiindy,Paraguarí,"food and beverage products manufacture, other non-metallic mineral products manufacture"
235,#N/A,Quyquyhó,Paraguarí,"food and beverage products manufacture, other non-metallic mineral products manufacture"
60,#N/A,Raúl Arsenio Oviedo,Caaguazú,"food and beverage products manufacture, other non-metallic mineral products manufacture"
61,#N/A,Regimiento de Infantería Tres Corrales,Caaguazú,"food and beverage products manufacture, other non-metallic mineral products manufacture"
62,#N/A,Repatriación,Caaguazú,"food and beverage products manufacture, other non-metallic mineral products manufacture"
92,#N/A,Salto del Guairá,Canindeyú,"food and beverage products manufacture, other non-metallic mineral products manufacture"
31,#N/A,San Alberto,Alto Paraná,"agriculture, livestock, hunting and related, food and beverage products manufacture, chemical substances and products manufacture, rubber and plastic products manufacture, other non-metallic mineral products manufacture, manufactured metal products (except machinery and equipment), furniture manufacture"
125,#N/A,San Alfredo,Concepción,"food and beverage products manufacture, other non-metallic mineral products manufacture"
111,#N/A,San Antonio,Central,"agriculture, livestock, hunting and related, food and beverage products manufacture, chemical substances and products manufacture, rubber and plastic products manufacture, other non-metallic mineral products manufacture, manufactured metal products (except machinery and equipment), furniture manufacture"
145,#N/A,San Bernardino,Cordillera,"food and beverage products manufacture, other non-metallic mineral products manufacture"
126,#N/A,San Carlos del Apa,Concepción,"food and beverage products manufacture, other non-metallic mineral products manufacture"
3,112,San Cosme y Damián,Itapúa,"agriculture, livestock, hunting and related, tourism"
32,#N/A,San Cristóbal,Alto Paraná,"agriculture, livestock, hunting and related, food and beverage products manufacture, chemical substances and products manufacture, rubber and plastic products manufacture, other non-metallic mineral products manufacture, manufactured metal products (except machinery and equipment), furniture manufacture"
262,#N/A,San Estanislao,San Pedro,"food and beverage products manufacture, other non-metallic mineral products manufacture"
199,#N/A,San Ignacio Guazú,Misiones,"food and beverage products manufacture, other non-metallic mineral products manufacture"
63,#N/A,San Joaquín,Caaguazú,"food and beverage products manufacture, other non-metallic mineral products manufacture"
64,#N/A,San José de los Arroyos,Caaguazú,"food and beverage products manufacture, other non-metallic mineral products manufacture"
261,#N/A,San José del Rosario,San Pedro,"food and beverage products manufacture, other non-metallic mineral products manufacture"
146,#N/A,San José Obrero,Cordillera,"food and beverage products manufacture, other non-metallic mineral products manufacture"
200,#N/A,San Juan Bautista,Misiones,"food and beverage products manufacture, other non-metallic mineral products manufacture"
219,#N/A,San Juan Bautista de Ñeembucú,Ñeembucú,"food and beverage products manufacture, other non-metallic mineral products manufacture"
192,#N/A,San Juan del Paraná,Itapúa,"food and beverage products manufacture, other non-metallic mineral products manufacture"
78,#N/A,San Juan Nepomuceno,Caazapá,"food and beverage products manufacture, other non-metallic mineral products manufacture"
127,#N/A,San Lázaro,Concepción,"food and beverage products manufacture, other non-metallic mineral products manufacture"
112,#N/A,San Lorenzo,Central,"agriculture, livestock, hunting and related, food and beverage products manufacture, chemical substances and products manufacture, rubber and plastic products manufacture, other non-metallic mineral products manufacture, manufactured metal products (except machinery and equipment), furniture manufacture"
10,169,San Miguel,Misiones,craft production
201,#N/A,San Miguel,Misiones,"food and beverage products manufacture, other non-metallic mineral products manufacture"
263,#N/A,San Pablo,San Pedro,"food and beverage products manufacture, other non-metallic mineral products manufacture"
202,#N/A,San Patricio,Misiones,"food and beverage products manufacture, other non-metallic mineral products manufacture"
264,#N/A,San Pedro de Ycuamandiyú,San Pedro,"food and beverage products manufacture, other non-metallic mineral products manufacture"
9,402,San Pedro del Paraná,Itapúa,"agriculture, livestock, hunting and related"
194,#N/A,San Rafael del Paraná,Itapúa,"food and beverage products manufacture, other non-metallic mineral products manufacture"
236,#N/A,San Roque González de Santa Cruz,Paraguarí,"food and beverage products manufacture, other non-metallic mineral products manufacture"
164,#N/A,San Salvador,Guairá,"food and beverage products manufacture, other non-metallic mineral products manufacture"
265,#N/A,San Vicente Pancholo,San Pedro,"food and beverage products manufacture, other non-metallic mineral products manufacture"
147,#N/A,Santa Elena,Cordillera,"food and beverage products manufacture, other non-metallic mineral products manufacture"
33,#N/A,Santa Fe del Paraná,Alto Paraná,"agriculture, livestock, hunting and related, food and beverage products manufacture, chemical substances and products manufacture, rubber and plastic products manufacture, other non-metallic mineral products manufacture, manufactured metal products (except machinery and equipment), furniture manufacture"
203,#N/A,Santa María de Fe,Misiones,"food and beverage products manufacture, other non-metallic mineral products manufacture"
34,#N/A,Santa Rita,Alto Paraná,"agriculture, livestock, hunting and related, food and beverage products manufacture, chemical substances and products manufacture, rubber and plastic products manufacture, other non-metallic mineral products manufacture, manufactured metal products (except machinery and equipment), furniture manufacture"
204,#N/A,Santa Rosa de Lima,Misiones,"food and beverage products manufacture, other non-metallic mineral products manufacture"
266,#N/A,Santa Rosa del Aguaray,San Pedro,"food and beverage products manufacture, other non-metallic mineral products manufacture"
65,#N/A,Santa Rosa del Mbutuy,Caaguazú,"food and beverage products manufacture, other non-metallic mineral products manufacture"
35,#N/A,Santa Rosa del Monday,Alto Paraná,"agriculture, livestock, hunting and related, food and beverage products manufacture, chemical substances and products manufacture, rubber and plastic products manufacture, other non-metallic mineral products manufacture, manufactured metal products (except machinery and equipment), furniture manufacture"
205,#N/A,Santiago,Misiones,"food and beverage products manufacture, other non-metallic mineral products manufacture"
237,#N/A,Sapucai,Paraguarí,"food and beverage products manufacture, other non-metallic mineral products manufacture"
128,#N/A,Sargento José Félix López,Concepción,"food and beverage products manufacture, other non-metallic mineral products manufacture"
66,#N/A,Simón Bolívar,Caaguazú,"food and beverage products manufacture, other non-metallic mineral products manufacture"
220,#N/A,Tacuaras,Ñeembucú,"food and beverage products manufacture, other non-metallic mineral products manufacture"
267,#N/A,Tacuatí,San Pedro,"food and beverage products manufacture, other non-metallic mineral products manufacture"
79,#N/A,Tavaí,Caazapá,"food and beverage products manufacture, other non-metallic mineral products manufacture"
36,#N/A,Tavapy,Alto Paraná,"agriculture, livestock, hunting and related, food and beverage products manufacture, chemical substances and products manufacture, rubber and plastic products manufacture, other non-metallic mineral products manufacture, manufactured metal products (except machinery and equipment), furniture manufacture"
165,#N/A,Tebicuary,Guairá,"food and beverage products manufacture, other non-metallic mineral products manufacture"
238,#N/A,Tebicuarymí,Paraguarí,"food and beverage products manufacture, other non-metallic mineral products manufacture"
67,#N/A,Tembiaporá,Caaguazú,"food and beverage products manufacture, other non-metallic mineral products manufacture"
249,#N/A,Teniente Esteban Martínez,Presidente Hayes,"food and beverage products manufacture, other non-metallic mineral products manufacture"
250,#N/A,Teniente Primero Manuel Irala Fernández,Presidente Hayes,"food and beverage products manufacture, other non-metallic mineral products manufacture"
4,102,Tobatí,Cordillera,"bricks, tiles and ceramics manufacture, craft production, other non-metallic mineral products manufacture"
195,#N/A,Tomás Romero Pereira,Itapúa,"food and beverage products manufacture, other non-metallic mineral products manufacture"
68,#N/A,Tres de Febrero,Caaguazú,"food and beverage products manufacture, other non-metallic mineral products manufacture"
80,#N/A,Tres de Mayo,Caazapá,"food and beverage products manufacture, other non-metallic mineral products manufacture"
196,#N/A,Trinidad,Itapúa,"food and beverage products manufacture, other non-metallic mineral products manufacture"
268,#N/A,Unión,San Pedro,"food and beverage products manufacture, other non-metallic mineral products manufacture"
149,#N/A,Valenzuela,Cordillera,"food and beverage products manufacture, other non-metallic mineral products manufacture"
69,#N/A,Vaquería,Caaguazú,"food and beverage products manufacture, other non-metallic mineral products manufacture"
269,#N/A,Veinticinco de Diciembre,San Pedro,"food and beverage products manufacture, other non-metallic mineral products manufacture"
270,#N/A,Villa del Rosario,San Pedro,"food and beverage products manufacture, other non-metallic mineral products manufacture"
113,#N/A,Villa Elisa,Central,"agriculture, livestock, hunting and related, food and beverage products manufacture, chemical substances and products manufacture, rubber and plastic products manufacture, other non-metallic mineral products manufacture, manufactured metal products (except machinery and equipment), furniture manufacture"
206,#N/A,Villa Florida,Misiones,"food and beverage products manufacture, other non-metallic mineral products manufacture"
221,#N/A,Villa Franca,Ñeembucú,"food and beverage products manufacture, other non-metallic mineral products manufacture"
2,387,Villa Hayes,Presidente Hayes,"commerce, steel,agriculture, livestock, hunting and related, food and beverage products manufacture,other non-metallic mineral products manufacture, manufactured metal products (except machinery and equipment)"
222,#N/A,Villa Oliva,Ñeembucú,"food and beverage products manufacture, other non-metallic mineral products manufacture"
93,#N/A,Villa Ygatimí,Canindeyú,"food and beverage products manufacture, other non-metallic mineral products manufacture"
223,#N/A,Villalbín,Ñeembucú,"food and beverage products manufacture, other non-metallic mineral products manufacture"
166,#N/A,Villarrica,Guairá,"food and beverage products manufacture, other non-metallic mineral products manufacture"
114,#N/A,Villeta,Central,"agriculture, livestock, hunting and related, food and beverage products manufacture, chemical substances and products manufacture, rubber and plastic products manufacture, other non-metallic mineral products manufacture, manufactured metal products (except machinery and equipment), furniture manufacture"
207,#N/A,Yabebyry,Misiones,"food and beverage products manufacture, other non-metallic mineral products manufacture"
8,42,Yaguarón,Paraguarí,"agriculture, livestock, hunting and related, textile production, sports goods production"
94,#N/A,Yasy Cañy,Canindeyú,"food and beverage products manufacture, other non-metallic mineral products manufacture"
167,#N/A,Yataity del Guairá,Guairá,"food and beverage products manufacture, other non-metallic mineral products manufacture"
271,#N/A,Yataity del Norte,San Pedro,"food and beverage products manufacture, other non-metallic mineral products manufacture"
197,#N/A,Yatytay,Itapúa,"food and beverage products manufacture, other non-metallic mineral products manufacture"
95,#N/A,Yby Pytá,Canindeyú,"food and beverage products manufacture, other non-metallic mineral products manufacture"
129,#N/A,Yby Yaú,Concepción,"food and beverage products manufacture, other non-metallic mineral products manufacture"
240,#N/A,Ybycuí,Paraguarí,"food and beverage products manufacture, other non-metallic mineral products manufacture"
96,#N/A,Ybyrarobaná,Canindeyú,"food and beverage products manufacture, other non-metallic mineral products manufacture"
241,#N/A,Ybytymí,Paraguarí,"food and beverage products manufacture, other non-metallic mineral products manufacture"
37,#N/A,Yguazú,Alto Paraná,"agriculture, livestock, hunting and related, food and beverage products manufacture, chemical substances and products manufacture, rubber and plastic products manufacture, other non-metallic mineral products manufacture, manufactured metal products (except machinery and equipment), furniture manufacture"
70,#N/A,Yhú,Caaguazú,"food and beverage products manufacture, other non-metallic mineral products manufacture"
115,#N/A,Ypacaraí,Central,"agriculture, livestock, hunting and related, food and beverage products manufacture, chemical substances and products manufacture, rubber and plastic products manufacture, other non-metallic mineral products manufacture, manufactured metal products (except machinery and equipment), furniture manufacture"
116,#N/A,Ypané,Central,"agriculture, livestock, hunting and related, food and beverage products manufacture, chemical substances and products manufacture, rubber and plastic products manufacture, other non-metallic mineral products manufacture, manufactured metal products (except machinery and equipment), furniture manufacture"
97,#N/A,Ypejhú,Canindeyú,"food and beverage products manufacture, other non-metallic mineral products manufacture"
272,#N/A,Yrybucuá,San Pedro,"food and beverage products manufacture, other non-metallic mineral products manufacture"
81,#N/A,Yuty,Caazapá,"food and beverage products manufacture, other non-metallic mineral products manufacture"
43,#N/A,Zanja Pytá,Amambay,"food and beverage products manufacture, other non-metallic mineral products manufacture"
6,0,#N/A,#N/A,#N/A
130,#N/A,,Cordillera,"food and beverage products manufacture, other non-metallic mineral products manufacture"
148,#N/A,,Cordillera,"food and beverage products manufacture, other non-metallic mineral products manufacture"
152,#N/A,,Guairá,"food and beverage products manufacture, other non-metallic mineral products manufacture"
157,#N/A,,Guairá,"food and beverage products manufacture, other non-metallic mineral products manufacture"
191,#N/A,,Itapúa,"food and beverage products manufacture, other non-metallic mineral products manufacture"
193,#N/A,,Itapúa,"food and beverage products manufacture, other non-metallic mineral products manufacture"
239,#N/A,,Paraguarí,"food and beverage products manufacture, other non-metallic mineral products manufacture"